TransactionID,Time,Amount,TransactionType,AccountBalance,Age,Location,PreviousFrauds,Fraud
4,54886,4713.35,In-store,45370.36,23,Rural,2,0
5,6265,414.59,In-store,15708.79,49,Urban,2,0
6,82386,1270.43,Online,95756.97,33,Rural,0,0
10,16023,1808.35,ATM Withdrawal,42391.31,70,Urban,1,0
17,64925,3085.1,ATM Withdrawal,78287.24,47,Rural,1,0
25,25658,2118.32,In-store,37751.81,57,Rural,0,0
35,66803,4947.17,In-store,42521.93,31,Urban,1,0
56,19457,3907.75,In-store,84736.9,24,Suburban,3,0
63,45758,3008.81,Online,97546.29,23,Rural,0,0
65,71211,1559.7,Online,86195.34,30,Urban,2,1
67,37065,3271.15,ATM Withdrawal,89405.83,30,Suburban,4,0
78,12185,3241.53,In-store,55035.85,43,Suburban,4,0
95,13986,146.75,Online,60553.71,41,Suburban,3,0
99,3561,2591.86,In-store,4011.14,53,Rural,3,0
115,70592,3905.04,In-store,32334.55,77,Rural,1,0
117,79309,2220.08,In-store,95677.09,34,Suburban,4,0
118,27266,4468.08,In-store,30016.72,62,Urban,4,0
120,82948,41.29,ATM Withdrawal,63309.57,29,Suburban,1,0
126,54268,2169.42,Online,16943.51,54,Urban,4,0
127,18141,1248.27,ATM Withdrawal,79150.64,38,Rural,4,0
128,80356,2737.81,In-store,64872.47,18,Rural,3,0
131,67214,1076.81,Online,83791.97,75,Suburban,4,0
134,62623,4142.61,Online,7895.38,63,Urban,4,1
138,43585,1170.25,ATM Withdrawal,94502.02,24,Suburban,3,0
144,25939,1911.88,ATM Withdrawal,21468.18,43,Rural,0,0
147,21834,3901.17,In-store,33964.41,79,Rural,4,0
148,18047,4988.12,Online,38029.99,43,Urban,4,0
155,30080,4435.71,ATM Withdrawal,70225.16,55,Rural,3,0
161,58053,2827.53,In-store,30848.5,54,Suburban,4,0
162,21959,2211.82,In-store,28971.73,52,Suburban,4,0
190,63734,3488.88,ATM Withdrawal,10450.03,34,Rural,2,0
191,70467,1821.2,In-store,12945.82,47,Rural,4,0
194,25342,310.37,In-store,68879.93,74,Rural,1,0
198,65733,660.69,Online,20081.62,27,Urban,1,0
201,22671,466.89,ATM Withdrawal,84602.1,47,Rural,4,0
202,25184,2053.07,Online,94542.1,36,Urban,2,0
203,42107,817.52,ATM Withdrawal,86484.92,56,Rural,1,0
207,49811,438.87,Online,665.73,42,Suburban,0,0
224,73656,1482.66,In-store,49788.38,49,Rural,4,0
225,39384,4554.1,In-store,14896.28,28,Urban,1,0
226,47254,2737.53,In-store,81173.55,67,Suburban,3,1
233,16371,2924.61,In-store,16615.91,28,Suburban,2,0
236,31616,1233.35,Online,86454.86,78,Urban,3,0
242,7400,556.57,Online,26049.12,39,Rural,2,0
243,42642,3240.88,In-store,55193.88,69,Rural,0,0
250,12183,3282.27,In-store,96077.71,69,Suburban,4,0
254,5539,4948.79,In-store,38246.3,19,Suburban,2,0
256,61267,2223.2,Online,73735.06,63,Suburban,2,0
261,2200,3808.62,ATM Withdrawal,63798.88,24,Rural,1,0
263,46975,3189.87,ATM Withdrawal,54098.87,74,Suburban,0,0
281,17429,2461.67,ATM Withdrawal,93575.27,24,Rural,2,0
285,3436,3957.53,Online,44288.21,25,Urban,2,0
286,74290,3012.75,Online,55686.27,19,Suburban,0,0
302,18589,2320.87,Online,15452.06,34,Rural,0,0
303,43484,4715.37,Online,61667.84,79,Suburban,3,0
321,85314,4210.24,Online,79762.05,28,Suburban,2,0
327,51885,3167.43,Online,32738.25,71,Suburban,3,0
336,10729,4199.26,Online,43138.66,42,Rural,3,0
338,66320,4001.23,ATM Withdrawal,45545.52,61,Rural,2,0
342,5801,4957.28,In-store,1670.09,20,Suburban,2,0
346,29592,3027.8,In-store,50727.66,76,Rural,3,0
358,78657,213.31,In-store,51229.46,50,Rural,3,0
363,22677,632.23,In-store,70570.35,27,Urban,2,0
365,56661,4621.35,Online,22561.37,69,Rural,2,0
376,66412,2772.23,In-store,7232.98,18,Urban,0,0
380,69678,4472.13,Online,34236.8,63,Rural,4,0
385,17019,1920.83,In-store,82867.12,22,Rural,4,0
386,83613,3331.67,In-store,98057.74,66,Suburban,2,0
389,79634,1950.11,ATM Withdrawal,33153.6,22,Suburban,0,0
392,32217,406.11,Online,56564.66,61,Suburban,0,0
396,1150,439.16,In-store,53754.25,18,Suburban,4,1
405,56556,2961.91,Online,79949.07,69,Rural,4,0
413,73666,4020.67,ATM Withdrawal,99172.25,65,Rural,0,0
418,72789,3368.83,In-store,29454.31,23,Suburban,4,0
420,61389,1538.34,In-store,38311.92,70,Suburban,0,0
429,43919,1389.95,Online,65987.08,46,Urban,2,0
456,72369,2649.04,ATM Withdrawal,47421.16,33,Suburban,1,0
467,3373,1850.75,ATM Withdrawal,93586.52,70,Suburban,0,0
468,12161,2752.81,In-store,77755.61,34,Suburban,1,0
471,15305,2899.08,ATM Withdrawal,10139.43,61,Urban,0,0
475,57458,384.54,ATM Withdrawal,52250.14,66,Suburban,2,0
478,82745,2497.02,Online,87421.26,26,Rural,2,0
489,35735,1985.34,ATM Withdrawal,28761.66,66,Suburban,2,0
493,17955,677.64,In-store,9655.3,57,Urban,2,0
500,32479,1487.51,In-store,97706.17,40,Suburban,4,0
503,36208,191.39,ATM Withdrawal,5298.58,51,Urban,0,0
505,71180,3491.29,Online,68438.68,68,Suburban,1,0
511,41555,1272.05,In-store,4863.55,20,Urban,1,0
513,728,2650.32,Online,94193.32,45,Rural,2,0
524,69896,1596.3,In-store,93185.12,72,Rural,0,0
525,35270,2350.11,Online,10839.11,58,Urban,2,0
526,59163,2512.95,ATM Withdrawal,86243.69,61,Suburban,2,0
537,66703,1629.1,ATM Withdrawal,88328.25,53,Suburban,3,0
538,27192,1971.29,In-store,16787.31,35,Urban,1,0
540,84076,4008.62,Online,12892.71,49,Urban,1,0
560,39081,2297.2,Online,10960.03,34,Urban,0,0
563,83460,4177.03,In-store,20281.58,44,Rural,4,0
564,54693,985.24,ATM Withdrawal,79217.3,60,Rural,0,0
570,83285,1091.65,Online,31721.16,36,Urban,0,0
575,35909,1237.75,Online,77871.46,41,Rural,4,0
581,55129,106.08,Online,17327.67,29,Rural,3,0
596,39298,4274.17,Online,73441.59,72,Suburban,3,0
601,23960,2372.7,Online,56378.6,57,Rural,1,0
604,67641,2766.9,Online,54569.39,25,Suburban,2,0
607,34620,1010.01,ATM Withdrawal,32226.67,38,Rural,0,0
609,61642,568.59,In-store,11159.5,49,Rural,4,0
617,38413,2946.48,Online,66769.44,74,Rural,4,0
624,7114,3403.11,ATM Withdrawal,27734.57,76,Rural,3,0
636,31921,1656.4,In-store,73288.72,73,Urban,3,0
639,4835,3265.21,Online,14592.03,33,Suburban,3,0
646,35547,4815.83,In-store,69534.43,20,Urban,4,0
647,82844,574.65,In-store,43068.82,19,Rural,2,0
660,23793,4218.93,ATM Withdrawal,43127.46,51,Rural,1,0
662,37892,3436.79,Online,74447.75,50,Urban,0,0
664,61813,3651.49,ATM Withdrawal,15939.74,20,Suburban,0,0
667,62292,3698.67,ATM Withdrawal,10967.78,33,Rural,4,0
668,23833,3061.77,In-store,47344.11,71,Urban,2,0
672,6970,1363.98,ATM Withdrawal,39720.95,57,Urban,1,0
674,46540,1861.23,In-store,99584.98,69,Rural,2,0
676,18017,340.8,In-store,98244.13,33,Urban,3,0
689,50612,56.38,Online,10130.07,20,Urban,0,0
699,38765,2945.51,In-store,52343.53,24,Rural,0,0
700,34816,4693.39,ATM Withdrawal,24057.19,56,Suburban,4,0
710,7239,2365.66,ATM Withdrawal,80261.59,51,Rural,1,0
714,43125,3723.94,Online,33973.78,46,Rural,0,0
717,37131,2566.36,In-store,11815.45,22,Suburban,0,0
718,42944,653.39,In-store,65402.9,69,Urban,0,0
723,53871,3470.39,ATM Withdrawal,14056.27,22,Rural,3,0
724,19198,914.57,In-store,85325.87,60,Urban,4,0
729,39764,457.45,In-store,42608.02,67,Urban,0,0
733,59494,2869.68,In-store,96555.21,43,Urban,0,0
741,25934,1378.41,In-store,86674.16,27,Suburban,2,0
754,55479,3953.66,In-store,42590.93,77,Urban,4,0
761,69836,887.46,ATM Withdrawal,86082.82,42,Rural,4,0
763,12015,3863.58,Online,90870.21,40,Suburban,0,0
767,24214,1802.52,In-store,58240.55,74,Suburban,0,0
769,71774,1937.87,ATM Withdrawal,32651.82,58,Rural,3,0
770,6090,4317.54,ATM Withdrawal,57465.44,22,Suburban,0,0
771,11637,1544.7,Online,29311.05,33,Rural,2,0
776,83807,3535.37,In-store,37650.7,39,Urban,2,0
785,23061,3192.81,ATM Withdrawal,40099.35,78,Rural,0,0
794,10488,1783.5,In-store,28662.04,48,Rural,4,0
798,10478,3402.72,In-store,53066.34,59,Suburban,1,0
805,59399,4431.55,ATM Withdrawal,82966.12,57,Rural,1,0
815,44247,1835.44,In-store,12082.02,31,Urban,4,0
816,16748,736.99,ATM Withdrawal,72616.78,41,Urban,4,0
824,55658,4060.58,ATM Withdrawal,13722.93,26,Rural,2,0
826,67067,3975.5,Online,56819.35,72,Urban,3,0
828,35854,3826.2,In-store,88350.31,35,Suburban,1,0
831,38518,3208.2,In-store,86828.03,41,Suburban,3,0
847,79905,4266.79,Online,11903.74,18,Rural,2,0
849,73479,269.81,Online,77864.22,32,Urban,4,0
852,23275,1218.61,ATM Withdrawal,11248.38,52,Suburban,0,0
854,81449,319.36,In-store,93497.69,58,Urban,0,0
855,60004,886.46,Online,15615.77,33,Rural,0,0
861,75703,4717.93,ATM Withdrawal,78987.88,71,Urban,4,0
864,3812,3916.29,ATM Withdrawal,23740.01,65,Urban,2,0
871,27139,3192.11,ATM Withdrawal,84679.74,34,Urban,3,0
873,56138,4298.54,Online,3711.65,61,Urban,2,0
876,85655,441.67,Online,96024.6,26,Urban,4,0
877,27446,973.48,ATM Withdrawal,27686.03,22,Rural,0,0
879,24818,3383.55,ATM Withdrawal,56405.3,50,Suburban,4,0
895,46514,697.09,ATM Withdrawal,75304.01,78,Rural,0,0
896,6469,3060.43,Online,36635.01,35,Urban,0,0
900,58067,1749.63,Online,54374.42,29,Rural,2,0
902,45587,1166.13,ATM Withdrawal,36769.54,74,Suburban,4,0
919,5287,610.32,In-store,41840.4,62,Rural,3,0
920,34387,2079.89,Online,16664.04,39,Urban,1,0
923,63076,2370.56,Online,97469.72,44,Suburban,1,0
925,79767,4346.01,In-store,77337.55,37,Urban,1,0
929,83524,4088.3,Online,26947.82,59,Suburban,1,0
937,84555,3304.33,Online,69301.46,65,Rural,4,0
939,5415,1558.55,In-store,35700.92,61,Suburban,2,0
951,20611,4111.32,In-store,97564.77,49,Suburban,2,0
952,16984,3764.49,ATM Withdrawal,86263.85,26,Suburban,2,0
954,82985,4381.09,Online,12888.97,70,Suburban,4,0
955,84056,3614.2,Online,75543.21,40,Urban,4,0
957,59207,3528.11,In-store,97741.16,35,Rural,3,0
960,39711,365.94,In-store,42921.92,19,Suburban,0,0
967,19096,1163.95,ATM Withdrawal,80237.59,55,Rural,4,0
972,18381,2261.56,ATM Withdrawal,8868.18,62,Urban,0,0
976,67506,4387.38,Online,19723.55,61,Suburban,3,0
981,56819,189.45,ATM Withdrawal,69264.38,44,Suburban,4,0
985,59379,1397.95,ATM Withdrawal,17157.87,44,Rural,1,0
988,922,1993.81,Online,92495.76,65,Urban,2,0
990,10789,1336.11,ATM Withdrawal,37726.32,55,Rural,4,0
992,44028,4293.95,In-store,2814.69,50,Suburban,0,0
993,64484,1630.08,In-store,26395.82,50,Suburban,1,0
996,2336,92.36,In-store,35401.61,42,Suburban,4,0
1003,55180,925.42,Online,69698.73,35,Suburban,2,0
1013,84291,4200.15,Online,8383.46,32,Rural,4,0
1016,16478,4968.93,Online,53068.92,70,Rural,3,0
1017,39666,1573.83,Online,26476.31,37,Suburban,2,0
1022,76325,1418.76,ATM Withdrawal,20639.93,42,Suburban,2,0
1029,75916,860.21,ATM Withdrawal,56219.37,70,Rural,2,0
1046,55176,3772.93,ATM Withdrawal,42219.81,28,Urban,2,0
1060,53173,930.62,ATM Withdrawal,58220.37,57,Rural,2,0
1061,37430,4754.14,In-store,10044.85,45,Rural,4,0
1063,63374,1305.33,Online,50136.41,43,Suburban,2,0
1064,68244,4848.11,In-store,23246.9,33,Suburban,3,0
1066,56264,3498.28,Online,22053.96,27,Suburban,1,0
1067,75060,4264.78,ATM Withdrawal,65045.05,46,Urban,1,0
1070,13224,2518.94,ATM Withdrawal,21739.94,37,Suburban,3,0
1077,8070,3143.2,In-store,94070.47,66,Urban,1,0
1078,8666,3166.68,Online,76178.0,70,Urban,3,0
1082,41914,4129.88,In-store,87096.18,29,Suburban,2,0
1083,70507,3483.11,In-store,687.37,75,Rural,1,0
1087,45765,3357.36,ATM Withdrawal,25125.79,23,Urban,0,1
1108,41949,2066.12,In-store,27335.79,75,Rural,2,0
1119,18449,1036.08,ATM Withdrawal,3536.92,43,Suburban,4,0
1121,64077,1158.76,ATM Withdrawal,19543.94,45,Urban,1,0
1123,48302,1986.96,In-store,28853.18,74,Urban,4,0
1137,78623,1508.01,Online,14427.72,28,Suburban,3,0
1140,81974,4451.29,In-store,35352.5,18,Urban,0,0
1142,85382,20.18,Online,44784.42,64,Rural,2,0
1146,30678,273.51,ATM Withdrawal,2310.65,32,Suburban,2,1
1148,63230,2496.5,ATM Withdrawal,74774.55,31,Rural,4,0
1149,74055,1083.68,Online,44518.06,78,Suburban,3,0
1151,31480,436.46,In-store,82398.67,77,Suburban,2,0
1155,39986,3121.58,In-store,91166.8,71,Suburban,0,0
1156,24160,4147.1,In-store,38006.59,53,Rural,3,0
1157,85595,952.49,Online,83829.44,37,Urban,4,0
1161,34911,2154.86,Online,67831.7,45,Suburban,0,0
1167,54771,3956.63,In-store,46480.61,34,Suburban,0,0
1168,66358,3007.32,In-store,2101.43,26,Suburban,4,0
1170,47057,2723.43,In-store,67916.75,71,Urban,3,0
1185,23236,2423.96,In-store,57186.72,23,Urban,2,0
1192,1279,4028.21,In-store,3962.69,48,Urban,0,0
1203,37599,1790.45,Online,98419.13,29,Suburban,2,0
1204,51920,1668.97,In-store,82420.53,53,Rural,4,0
1206,35954,692.7,ATM Withdrawal,29598.67,33,Rural,0,0
1215,51693,4683.69,Online,67656.29,48,Suburban,3,0
1218,74532,892.9,In-store,59176.68,62,Suburban,4,0
1219,81994,541.67,ATM Withdrawal,23060.07,38,Rural,4,0
1244,35737,1532.03,Online,36122.44,52,Suburban,0,0
1249,61120,2661.58,In-store,73395.48,71,Rural,0,0
1251,21172,507.8,Online,40511.47,57,Urban,2,0
1253,78617,4058.05,Online,93809.01,64,Suburban,4,0
1255,57492,287.49,Online,55143.83,37,Rural,3,0
1257,72355,3537.42,ATM Withdrawal,37151.94,46,Rural,1,0
1268,67298,1244.85,In-store,35518.97,36,Rural,1,0
1276,47304,1928.38,In-store,51154.16,28,Urban,2,0
1277,32921,2533.92,In-store,70251.12,65,Rural,1,0
1283,34008,4467.13,ATM Withdrawal,71496.22,23,Rural,2,0
1292,34020,249.26,Online,27666.82,27,Rural,4,0
1297,23051,1687.0,ATM Withdrawal,29595.18,71,Urban,0,0
1301,35772,2377.45,In-store,20786.51,66,Urban,4,0
1307,1341,1277.51,Online,45615.52,64,Suburban,0,0
1313,11344,2012.13,ATM Withdrawal,61906.87,63,Urban,3,0
1315,54756,1915.03,In-store,70537.48,74,Rural,3,0
1319,15896,1255.2,In-store,59522.83,20,Urban,1,0
1325,29711,3269.28,In-store,20917.68,40,Rural,2,0
1330,82310,2021.8,ATM Withdrawal,46616.63,71,Suburban,0,1
1332,37198,4342.92,In-store,38937.59,34,Urban,3,0
1333,8820,2823.63,ATM Withdrawal,38761.21,56,Urban,4,1
1343,54237,479.11,In-store,58005.98,30,Urban,0,0
1349,66150,320.33,Online,94461.58,33,Rural,0,0
1354,78945,3759.1,ATM Withdrawal,3478.75,64,Suburban,0,0
1359,78187,3474.9,ATM Withdrawal,70309.16,46,Rural,2,0
1364,54620,177.04,ATM Withdrawal,55474.09,19,Urban,3,0
1366,7564,4010.39,ATM Withdrawal,93021.04,46,Urban,0,1
1370,80765,3596.45,Online,85478.16,29,Rural,2,0
1384,51184,4977.56,In-store,70152.89,27,Suburban,4,0
1385,61916,2251.93,Online,12313.07,46,Urban,4,0
1389,33039,1030.82,Online,99116.05,63,Rural,2,0
1395,24574,1590.21,Online,86493.9,69,Rural,1,0
1397,12676,1911.28,In-store,38198.71,64,Suburban,4,0
1410,35400,497.05,Online,11242.18,46,Suburban,1,0
1446,46600,592.07,Online,90567.05,45,Urban,0,0
1461,54028,2540.24,In-store,11379.03,56,Suburban,3,0
1471,23874,4694.45,ATM Withdrawal,74644.43,64,Rural,2,0
1479,64772,556.64,ATM Withdrawal,11511.91,73,Rural,4,0
1485,69669,311.96,Online,67407.09,30,Rural,1,0
1493,41755,879.18,Online,90283.77,22,Suburban,4,0
1494,85956,2566.44,Online,54373.48,70,Urban,4,0
1496,9516,4866.33,Online,70531.22,24,Rural,0,0
1501,11303,4102.9,Online,45460.79,38,Suburban,3,0
1517,22534,98.22,In-store,38230.66,52,Rural,4,0
1528,22890,4933.45,ATM Withdrawal,74489.62,40,Suburban,3,0
1529,77236,1255.12,Online,75821.74,64,Suburban,1,0
1530,36509,2548.77,ATM Withdrawal,99783.86,18,Suburban,1,0
1532,18787,3926.16,In-store,92613.6,75,Urban,0,0
1541,31966,2361.77,Online,5319.14,25,Rural,1,0
1543,12987,4760.77,In-store,30196.21,18,Urban,4,0
1569,20953,121.18,Online,93700.04,44,Suburban,0,0
1571,67889,3442.0,Online,89434.36,19,Urban,2,0
1572,23821,3743.74,ATM Withdrawal,31173.43,35,Rural,4,0
1574,24860,4336.02,Online,22886.08,62,Rural,3,0
1575,21195,4779.26,In-store,31769.69,50,Suburban,3,0
1582,31598,4225.22,In-store,39953.88,26,Urban,4,0
1586,11745,1477.81,Online,21994.24,69,Rural,1,0
1598,60545,2569.82,In-store,14962.17,50,Urban,1,0
1604,52930,1180.75,In-store,63873.32,42,Rural,3,0
1605,44413,718.58,Online,36479.4,58,Suburban,3,0
1606,33756,927.86,ATM Withdrawal,45003.07,43,Rural,0,0
1620,1980,1313.16,In-store,77472.96,33,Rural,1,0
1626,38158,2570.26,In-store,48886.63,52,Rural,1,0
1632,5776,865.95,Online,25748.1,67,Urban,1,0
1634,68916,598.53,ATM Withdrawal,26392.93,36,Urban,3,0
1636,74318,532.95,ATM Withdrawal,10824.66,78,Rural,4,0
1637,82970,4108.94,ATM Withdrawal,69752.24,42,Suburban,3,0
1640,39110,240.52,In-store,21647.06,76,Suburban,3,0
1646,53625,3897.05,Online,78506.89,22,Urban,4,0
1647,52098,2612.96,In-store,92956.09,61,Rural,2,0
1649,526,3931.87,Online,5285.93,36,Rural,4,0
1664,29759,4689.19,ATM Withdrawal,38959.41,46,Rural,1,0
1665,85708,3386.05,Online,88986.81,57,Rural,3,0
1669,29009,1101.23,Online,27376.58,51,Rural,1,0
1674,21804,1356.44,Online,31266.64,46,Suburban,2,0
1679,52648,697.46,Online,84260.5,50,Urban,4,0
1680,30087,4331.27,Online,38851.1,25,Suburban,2,0
1681,49930,4358.06,Online,63881.8,59,Suburban,4,0
1683,69298,2222.53,Online,21264.7,22,Urban,0,0
1686,43408,1793.95,ATM Withdrawal,14345.43,27,Suburban,0,0
1687,39499,1339.69,In-store,18813.18,31,Suburban,1,0
1688,52269,2161.72,ATM Withdrawal,89164.77,41,Urban,0,0
1694,74663,1162.79,ATM Withdrawal,43201.35,46,Rural,0,0
1697,63483,3888.81,ATM Withdrawal,75460.78,69,Rural,3,0
1702,83869,686.13,Online,37876.32,24,Rural,2,0
1708,50861,263.82,Online,82240.18,42,Urban,2,0
1716,51047,11.38,Online,28360.32,54,Rural,2,0
1720,1925,871.61,ATM Withdrawal,75325.72,45,Urban,0,0
1723,33320,2223.69,In-store,25462.37,43,Suburban,3,0
1725,26289,2246.89,In-store,50092.28,23,Urban,2,0
1734,11653,2275.92,Online,22977.24,19,Urban,0,0
1735,27961,818.61,ATM Withdrawal,20187.71,74,Suburban,2,0
1754,83847,2160.62,ATM Withdrawal,76092.18,54,Rural,2,0
1758,20049,2925.59,ATM Withdrawal,38674.63,60,Urban,2,0
1760,16082,2621.46,ATM Withdrawal,9860.64,21,Suburban,2,0
1762,37412,1336.45,Online,72066.09,37,Urban,2,1
1793,45350,109.21,Online,31046.98,79,Rural,3,0
1795,29426,3405.09,Online,33757.69,29,Suburban,4,0
1803,19975,1064.11,ATM Withdrawal,65221.31,18,Suburban,4,0
1807,11561,4125.35,In-store,34509.69,32,Urban,0,0
1811,26916,4734.45,ATM Withdrawal,8765.65,31,Urban,4,0
1817,70135,4905.24,ATM Withdrawal,33615.67,50,Urban,0,0
1820,69350,3747.98,In-store,36160.84,19,Urban,2,0
1824,64674,1715.92,In-store,44659.13,66,Rural,1,0
1825,13760,3335.01,In-store,22355.14,67,Suburban,4,0
1828,12588,699.32,ATM Withdrawal,68550.54,48,Suburban,0,0
1829,52233,3578.96,ATM Withdrawal,2795.81,58,Suburban,3,0
1835,76619,2505.7,Online,39547.17,57,Suburban,0,0
1839,79530,1760.3,In-store,10048.91,76,Rural,3,0
1842,71635,1670.18,Online,83723.74,54,Urban,0,0
1844,35946,3155.62,In-store,69126.42,38,Urban,2,0
1849,9847,3159.77,ATM Withdrawal,57555.89,30,Urban,4,0
1853,67278,3765.84,Online,7348.38,65,Urban,2,0
1854,18309,3637.53,In-store,35536.51,50,Suburban,3,0
1855,619,4348.21,Online,2817.53,54,Suburban,3,0
1857,50108,2006.34,Online,21228.95,54,Suburban,3,0
1858,34707,4739.03,ATM Withdrawal,28771.61,41,Suburban,4,0
1864,27420,4991.6,In-store,7532.13,57,Rural,3,0
1866,39030,1421.01,ATM Withdrawal,95157.75,67,Rural,0,0
1880,45272,3099.12,In-store,57539.57,40,Urban,3,0
1888,79141,354.89,In-store,60604.76,65,Suburban,4,0
1896,82811,2160.51,ATM Withdrawal,86348.18,23,Suburban,3,0
1900,13669,3944.85,Online,43267.08,58,Urban,2,0
1907,81040,4605.8,ATM Withdrawal,63493.59,61,Rural,3,0
1909,36487,1112.19,ATM Withdrawal,68019.76,40,Suburban,1,0
1918,47055,4558.25,Online,14755.39,37,Urban,1,0
1931,27208,1028.9,Online,86462.5,24,Urban,4,0
1932,85150,3068.8,ATM Withdrawal,60771.73,58,Suburban,4,0
1945,1367,537.0,ATM Withdrawal,72444.57,54,Urban,4,0
1956,79973,1147.74,ATM Withdrawal,70224.66,19,Urban,4,0
1959,60233,89.33,Online,40662.82,47,Urban,4,0
1960,25537,514.74,In-store,37056.01,33,Urban,2,0
1969,32779,2335.62,In-store,30340.79,70,Rural,3,0
1970,21636,3428.57,In-store,48655.9,73,Rural,2,0
1971,81889,1132.16,ATM Withdrawal,42260.15,34,Suburban,0,0
1976,46819,4285.63,Online,7235.13,30,Rural,1,0
1977,73770,4085.72,ATM Withdrawal,46782.85,61,Urban,2,0
1982,78714,2867.59,ATM Withdrawal,51596.94,62,Rural,1,0
1983,58348,492.63,ATM Withdrawal,13425.11,63,Suburban,2,0
1985,33174,4702.55,Online,25850.81,22,Rural,1,0
1987,69967,1197.42,In-store,21705.33,35,Suburban,0,0
1991,8906,1357.88,ATM Withdrawal,28636.32,37,Rural,2,0
1995,37650,1579.29,Online,37059.65,21,Suburban,1,0
1997,46413,3403.12,In-store,25871.79,25,Urban,2,1
1998,6012,1498.48,In-store,15353.05,69,Suburban,2,0
1999,50115,2289.26,ATM Withdrawal,88688.57,57,Urban,4,0
2001,57716,4490.83,In-store,56136.63,66,Suburban,2,0
2018,63646,3151.25,Online,66611.6,50,Urban,4,0
2027,21675,1304.05,In-store,34973.35,44,Suburban,4,0
2028,71031,463.55,ATM Withdrawal,13296.63,33,Rural,4,0
2036,9435,93.64,In-store,52118.31,56,Urban,1,0
2039,81929,3637.66,ATM Withdrawal,99557.01,77,Urban,4,0
2040,76153,3932.74,Online,60264.37,48,Suburban,0,0
2042,31401,1530.17,Online,36571.66,50,Rural,4,0
2048,31910,3764.48,ATM Withdrawal,86755.57,46,Rural,4,0
2049,36041,2500.67,In-store,1918.71,42,Suburban,2,0
2050,65681,639.93,ATM Withdrawal,12943.95,72,Suburban,1,0
2056,17633,1724.5,ATM Withdrawal,61675.36,75,Rural,0,0
2057,17014,1952.09,In-store,23438.6,53,Suburban,1,0
2061,77231,1244.74,ATM Withdrawal,57356.18,75,Urban,0,0
2062,68388,4551.17,ATM Withdrawal,97749.68,55,Suburban,0,0
2063,16014,772.92,ATM Withdrawal,23769.64,54,Rural,1,0
2066,23711,3218.96,Online,26719.34,58,Suburban,4,0
2071,7421,3110.28,Online,4723.36,29,Urban,3,0
2076,31910,3322.03,Online,56558.08,29,Suburban,0,0
2080,51501,4727.53,ATM Withdrawal,41129.87,27,Rural,1,0
2082,38467,2177.03,In-store,98097.08,47,Rural,2,0
2083,17625,2626.24,ATM Withdrawal,64545.81,25,Suburban,0,0
2106,56549,2537.44,In-store,67672.06,30,Rural,3,0
2117,44843,1089.41,Online,27826.14,53,Urban,2,0
2123,25592,3185.79,Online,71909.55,20,Rural,3,0
2126,68619,748.03,In-store,83511.93,21,Rural,1,0
2129,20103,908.98,Online,2894.39,30,Rural,4,0
2137,62711,1910.89,ATM Withdrawal,74288.91,30,Suburban,1,0
2142,85957,3574.78,ATM Withdrawal,14032.6,24,Suburban,1,0
2144,4895,1532.91,In-store,73809.7,68,Rural,0,0
2151,5782,2063.98,ATM Withdrawal,23668.42,76,Urban,0,0
2152,84328,503.19,Online,37479.69,26,Suburban,3,0
2153,35585,2546.28,In-store,18341.88,45,Suburban,4,0
2157,55114,2667.01,Online,69604.95,28,Suburban,3,0
2159,42685,4002.88,In-store,4389.32,19,Urban,4,0
2161,36035,3176.69,Online,12308.94,67,Suburban,2,0
2162,64977,208.76,Online,43176.92,39,Suburban,4,0
2166,4437,519.08,In-store,80529.04,49,Suburban,1,0
2181,40461,670.99,In-store,95864.99,28,Suburban,2,0
2189,72909,3446.22,In-store,53942.32,19,Urban,4,0
2191,48895,1078.83,In-store,74072.42,32,Rural,4,0
2193,74520,1086.3,Online,88842.25,23,Rural,2,0
2194,63740,2710.59,In-store,80968.89,22,Urban,4,0
2201,37685,4824.68,In-store,98260.99,52,Rural,0,0
2204,11138,4914.32,In-store,67748.28,36,Urban,2,0
2205,35298,2682.82,In-store,58743.89,60,Suburban,0,0
2206,51112,2513.65,In-store,72094.97,63,Urban,0,0
2215,40108,3568.82,Online,26012.46,63,Rural,0,0
2220,33613,1051.75,In-store,82729.81,20,Rural,3,0
2225,78213,1065.96,ATM Withdrawal,25871.29,62,Urban,0,0
2238,25032,4332.39,ATM Withdrawal,49291.84,73,Urban,1,0
2244,70984,4.14,In-store,59728.24,24,Urban,0,0
2256,34171,484.11,Online,60601.92,27,Rural,3,0
2262,42468,2090.0,Online,59392.34,27,Suburban,2,0
2263,32371,223.5,ATM Withdrawal,20826.99,43,Rural,1,0
2266,51196,585.8,Online,12292.15,21,Rural,3,0
2279,73294,4027.53,Online,55741.06,73,Rural,4,0
2287,16052,4541.83,In-store,48338.86,43,Urban,2,0
2292,41424,3866.07,In-store,34811.03,63,Suburban,3,0
2295,10634,853.52,ATM Withdrawal,17173.44,62,Suburban,0,0
2297,22420,1053.09,In-store,35694.04,66,Suburban,3,0
2301,37487,410.97,Online,24942.01,23,Rural,3,0
2325,28602,945.74,ATM Withdrawal,85203.06,46,Urban,0,0
2327,23472,1338.37,In-store,92240.33,41,Rural,1,0
2328,49230,2596.52,ATM Withdrawal,3670.28,41,Suburban,1,0
2333,47684,3674.06,In-store,51554.53,26,Urban,2,0
2337,41991,4573.56,In-store,14026.4,78,Rural,4,0
2344,76816,551.26,ATM Withdrawal,98656.02,52,Urban,2,0
2350,9866,576.66,In-store,35610.62,62,Suburban,4,0
2361,78815,4247.47,ATM Withdrawal,1594.3,79,Rural,1,1
2363,23888,2357.14,ATM Withdrawal,28277.82,30,Urban,3,0
2364,17630,4905.51,ATM Withdrawal,68985.36,18,Suburban,2,0
2369,50979,138.33,ATM Withdrawal,32317.47,69,Rural,3,0
2372,42600,875.24,Online,6383.54,62,Suburban,4,0
2377,6910,3400.18,In-store,90989.45,28,Suburban,0,0
2386,39071,4443.84,Online,58277.94,53,Urban,0,0
2387,69519,309.31,In-store,46612.99,59,Urban,2,0
2392,16905,1513.81,In-store,64099.83,58,Rural,3,0
2394,58279,1397.42,In-store,63847.14,64,Rural,2,0
2395,26806,1847.59,ATM Withdrawal,58846.67,61,Urban,2,0
2398,70119,51.04,ATM Withdrawal,33552.14,43,Suburban,1,0
2428,58005,4633.4,In-store,42745.98,45,Urban,3,0
2434,85457,3462.88,ATM Withdrawal,43374.39,36,Suburban,2,0
2436,64028,4658.36,In-store,16892.94,18,Rural,1,0
2444,57804,2032.69,In-store,87930.76,23,Suburban,4,0
2445,3754,4047.04,In-store,4655.71,45,Suburban,3,0
2450,8894,352.96,In-store,59310.79,61,Suburban,0,0
2455,29725,2506.31,In-store,21395.1,49,Urban,3,0
2456,5926,1919.48,ATM Withdrawal,11763.62,52,Rural,0,0
2473,80102,4459.47,ATM Withdrawal,22042.49,18,Rural,2,0
2480,84899,3365.88,In-store,58796.88,49,Urban,1,1
2483,10805,2365.48,ATM Withdrawal,44431.56,34,Urban,2,0
2486,63437,2310.73,ATM Withdrawal,83336.05,62,Urban,3,0
2490,15379,1705.4,In-store,19293.72,29,Suburban,1,0
2492,5110,4704.46,In-store,57496.32,48,Suburban,0,0
2503,78645,4019.5,ATM Withdrawal,88235.57,77,Urban,2,0
2505,59796,313.16,ATM Withdrawal,71676.15,28,Rural,2,0
2509,33848,513.38,Online,29952.7,70,Suburban,4,0
2512,59664,1515.42,Online,34704.72,56,Urban,3,0
2524,16029,109.48,Online,40548.82,47,Rural,1,0
2525,14226,3156.31,Online,17107.92,51,Urban,1,1
2538,37861,973.12,ATM Withdrawal,11771.79,30,Suburban,3,0
2540,43934,1573.51,Online,4290.82,55,Rural,0,0
2547,76256,2212.23,In-store,67595.21,57,Suburban,2,0
2550,50288,3413.31,ATM Withdrawal,15864.31,45,Rural,4,0
2552,25051,1188.19,ATM Withdrawal,84429.63,40,Suburban,2,0
2557,21621,472.89,Online,12487.9,67,Suburban,3,0
2558,75564,629.4,Online,92193.18,27,Rural,0,0
2559,77984,2072.76,ATM Withdrawal,17375.86,75,Urban,0,0
2561,45253,4501.66,Online,58476.71,37,Suburban,3,0
2564,30447,3360.43,Online,66891.98,45,Rural,3,0
2566,30254,4029.01,Online,25586.03,25,Rural,0,0
2569,14472,2071.24,In-store,96651.2,65,Suburban,4,0
2591,25279,301.48,Online,96421.21,55,Rural,4,0
2594,29309,964.26,In-store,31213.11,44,Urban,3,0
2596,56614,3387.64,ATM Withdrawal,52370.83,69,Urban,3,0
2598,2839,3590.79,In-store,10374.61,53,Rural,1,0
2609,13975,4959.17,Online,59389.25,19,Urban,1,0
2613,80797,3244.03,ATM Withdrawal,30209.7,62,Urban,2,0
2614,1431,3636.62,ATM Withdrawal,16010.24,62,Urban,1,0
2617,9557,2215.31,In-store,76172.42,63,Urban,2,0
2622,73997,2202.43,ATM Withdrawal,56865.96,35,Urban,2,0
2626,9833,4801.13,Online,55271.55,79,Rural,0,0
2627,7896,3302.02,ATM Withdrawal,71265.03,71,Suburban,1,0
2636,50026,628.95,Online,65937.51,45,Urban,1,0
2638,47299,4429.72,Online,93654.68,33,Rural,0,0
2646,65428,2934.15,ATM Withdrawal,88990.73,21,Rural,4,0
2661,42891,4370.97,Online,61728.42,64,Urban,2,0
2675,71707,165.25,Online,90588.94,62,Suburban,2,0
2676,23481,2496.35,Online,29429.21,58,Rural,0,0
2682,67169,4909.5,In-store,79448.64,53,Suburban,0,0
2688,83457,4259.99,In-store,29759.49,60,Suburban,2,0
2691,65633,4733.05,In-store,67011.72,38,Urban,2,0
2694,12924,2245.97,ATM Withdrawal,71009.11,73,Urban,0,0
2696,74071,2735.77,ATM Withdrawal,93077.73,31,Urban,1,0
2702,67263,3638.09,Online,24712.5,48,Suburban,0,0
2704,10800,1799.59,ATM Withdrawal,68362.03,52,Suburban,3,0
2709,74905,2462.52,Online,6812.99,71,Urban,1,0
2710,63870,4183.81,ATM Withdrawal,71482.72,29,Rural,3,1
2713,78707,329.93,Online,89278.5,76,Suburban,3,0
2714,30933,3530.22,ATM Withdrawal,50267.9,25,Urban,0,0
2718,18133,4456.68,ATM Withdrawal,86255.51,72,Urban,4,0
2725,39961,4205.7,In-store,92367.0,51,Rural,3,0
2730,20354,1397.45,Online,52699.82,23,Urban,2,0
2731,42951,1745.0,In-store,25108.42,23,Urban,4,0
2732,23648,4615.92,Online,11520.77,39,Rural,2,0
2734,41971,4370.67,In-store,20014.12,54,Suburban,3,0
2735,18658,153.26,ATM Withdrawal,82256.87,32,Rural,2,0
2736,21253,455.29,ATM Withdrawal,41380.95,43,Urban,1,0
2739,26390,3736.43,ATM Withdrawal,59676.34,74,Urban,4,0
2740,51578,1047.88,Online,34482.77,27,Urban,1,0
2745,71947,4798.96,In-store,8643.9,20,Urban,4,0
2746,61001,3381.11,In-store,86881.1,18,Urban,1,0
2748,51707,3649.12,In-store,20439.91,36,Urban,0,0
2757,40846,4626.52,ATM Withdrawal,58663.45,30,Rural,4,0
2763,85445,4852.8,Online,65212.27,70,Urban,3,0
2767,37711,4896.34,In-store,27805.69,44,Suburban,0,0
2774,4135,2419.09,Online,78205.84,51,Rural,0,0
2775,6629,1473.72,Online,24694.12,56,Rural,0,0
2778,33380,1426.77,Online,50965.0,41,Rural,0,0
2780,20074,9.0,Online,58929.36,63,Urban,2,0
2783,11205,2968.65,In-store,24982.78,62,Suburban,3,0
2784,55661,3039.71,Online,57226.75,64,Urban,0,0
2787,62987,950.47,ATM Withdrawal,22995.61,70,Rural,3,0
2791,25150,1706.41,Online,90908.9,74,Urban,4,0
2798,1125,4128.19,ATM Withdrawal,35674.98,60,Urban,3,0
2807,26819,2188.79,Online,62943.06,67,Rural,3,0
2809,32994,3595.38,In-store,41907.23,69,Rural,1,0
2812,49416,1781.89,Online,67381.63,29,Urban,1,0
2815,30930,3081.59,In-store,33323.04,65,Suburban,3,0
2817,30090,1952.24,In-store,81174.71,45,Suburban,2,0
2825,9346,1062.18,Online,50264.63,20,Urban,2,0
2832,25556,977.6,In-store,72918.48,67,Rural,1,0
2833,59042,434.66,In-store,34719.45,52,Rural,2,0
2839,70969,2951.26,ATM Withdrawal,33300.48,72,Rural,4,0
2840,33866,2114.09,Online,45580.91,19,Urban,1,0
2850,40718,1728.94,In-store,47858.45,72,Rural,2,0
2854,58067,2747.08,Online,99717.6,34,Suburban,2,0
2862,76229,3388.73,Online,92084.66,67,Urban,2,0
2870,63278,948.59,ATM Withdrawal,60441.4,72,Suburban,2,0
2871,55077,4461.3,Online,99063.75,59,Rural,4,0
2872,71906,2155.28,ATM Withdrawal,26606.13,39,Rural,2,0
2873,9528,990.82,Online,6327.91,19,Urban,2,0
2879,23952,749.74,Online,69827.81,76,Suburban,3,0
2889,58810,4663.27,ATM Withdrawal,91644.87,40,Urban,2,0
2892,72237,1396.44,Online,72802.8,32,Rural,1,0
2897,15037,2857.09,Online,5641.02,55,Rural,3,0
2899,71678,2616.27,In-store,97331.38,47,Rural,1,0
2902,8787,1305.88,In-store,990.39,68,Urban,2,0
2905,61709,89.21,Online,6682.13,20,Suburban,4,0
2912,15282,3994.94,Online,5325.35,75,Urban,4,0
2913,84866,4015.38,Online,74306.19,57,Rural,4,0
2915,24264,1418.46,In-store,3277.37,26,Rural,3,0
2920,28365,3050.61,Online,11086.93,35,Urban,3,0
2924,13947,20.57,Online,80216.2,67,Rural,1,0
2929,4493,1336.56,In-store,37621.1,24,Urban,3,0
2932,79676,1696.85,In-store,68262.32,48,Suburban,3,0
2934,31655,2193.9,Online,22553.4,30,Rural,3,0
2936,49437,653.13,ATM Withdrawal,18111.4,20,Urban,1,0
2939,6816,3527.08,ATM Withdrawal,88304.32,32,Urban,1,0
2948,14849,3933.13,ATM Withdrawal,57033.38,68,Rural,4,0
2951,63095,4288.96,ATM Withdrawal,7725.93,49,Suburban,2,0
2957,9885,3322.59,Online,85674.97,67,Suburban,1,0
2959,54306,890.22,Online,9957.26,28,Urban,3,0
2960,66314,4442.78,In-store,99342.67,18,Urban,2,0
2962,29165,715.09,Online,16395.8,66,Urban,3,0
2966,50500,4267.47,Online,12888.8,47,Urban,1,0
2968,58643,4411.15,Online,55858.34,67,Urban,2,0
2976,85436,871.88,In-store,86425.17,60,Rural,4,0
2977,46403,4814.5,Online,11055.42,79,Urban,4,0
2983,71853,2991.34,ATM Withdrawal,35451.69,56,Urban,3,0
2994,17862,4033.62,Online,65138.23,72,Rural,3,0
3000,46571,1564.25,In-store,11535.01,70,Rural,2,0
3006,32327,1372.78,ATM Withdrawal,3615.02,40,Suburban,2,0
3010,2261,4309.54,In-store,59704.26,52,Suburban,4,0
3017,29033,1299.71,Online,43167.54,50,Suburban,1,0
3020,42604,940.44,Online,31589.46,61,Rural,0,0
3031,17709,2824.64,Online,48298.96,70,Rural,2,0
3032,58557,899.11,In-store,80541.6,50,Urban,1,0
3038,12605,274.52,In-store,56303.89,42,Urban,3,0
3052,22054,1450.33,In-store,32330.52,66,Urban,0,0
3055,80650,1616.65,ATM Withdrawal,89168.9,54,Suburban,4,0
3057,21386,1817.25,ATM Withdrawal,35272.44,38,Suburban,2,0
3058,83276,1952.05,In-store,60645.86,31,Urban,3,0
3060,52781,3352.56,Online,1057.64,70,Urban,0,0
3061,52780,1444.91,In-store,1807.64,24,Suburban,3,0
3068,60348,4187.42,Online,54687.5,63,Suburban,2,0
3069,55284,1550.02,In-store,12060.78,36,Urban,1,0
3070,72124,2538.04,ATM Withdrawal,93430.22,28,Suburban,0,0
3073,64089,2160.16,In-store,28379.34,23,Urban,3,0
3074,55398,1931.11,Online,80624.64,46,Suburban,3,0
3087,46737,1003.96,In-store,1480.84,35,Suburban,2,0
3088,69569,3575.97,ATM Withdrawal,54575.79,69,Urban,1,0
3091,3744,762.3,In-store,55389.14,53,Suburban,0,0
3093,16977,2138.11,Online,99819.96,79,Rural,0,0
3100,19086,2428.67,In-store,41651.67,26,Urban,2,0
3105,86120,2678.76,ATM Withdrawal,6672.45,69,Rural,3,0
3109,74637,532.29,ATM Withdrawal,15275.41,45,Urban,4,0
3111,70194,2414.79,In-store,58303.97,74,Urban,4,0
3118,62068,559.07,In-store,56606.96,20,Suburban,1,0
3119,77313,577.9,In-store,12924.4,66,Rural,2,0
3121,33154,2647.42,In-store,65398.28,41,Suburban,1,0
3123,71975,3403.15,Online,93654.03,18,Urban,0,0
3125,78928,3144.74,In-store,15635.69,68,Suburban,1,0
3137,72982,1898.62,Online,35741.43,68,Rural,2,0
3141,10516,495.27,Online,37589.02,62,Urban,1,0
3142,79285,4061.09,ATM Withdrawal,39466.55,65,Suburban,3,0
3147,61049,2747.59,Online,48091.67,52,Rural,3,0
3148,62493,3281.24,ATM Withdrawal,97432.54,34,Suburban,0,0
3153,79003,3270.73,In-store,84690.95,23,Rural,0,0
3158,82279,247.7,In-store,34964.11,76,Urban,1,0
3171,39332,4866.86,ATM Withdrawal,19277.2,44,Rural,0,0
3172,21312,3953.05,ATM Withdrawal,53785.8,41,Urban,4,0
3176,40379,2341.24,ATM Withdrawal,3056.4,69,Suburban,0,0
3178,2011,3206.69,ATM Withdrawal,40812.68,67,Urban,2,0
3184,22852,4844.87,In-store,98105.76,28,Urban,4,0
3192,42417,562.82,Online,91294.79,50,Urban,2,0
3203,18693,2543.95,ATM Withdrawal,14274.33,37,Urban,2,0
3206,2169,1629.19,Online,16790.66,59,Rural,4,0
3209,71849,202.37,Online,45121.65,35,Suburban,2,0
3213,27734,4011.21,In-store,67151.49,78,Rural,1,0
3216,66321,799.0,In-store,21487.06,49,Urban,3,0
3220,25372,3529.09,Online,47862.88,27,Rural,3,0
3223,63918,3307.09,ATM Withdrawal,98700.81,43,Urban,2,0
3229,27716,4179.61,In-store,14841.01,21,Urban,1,1
3235,8556,3033.7,In-store,39812.48,20,Rural,2,0
3237,76118,106.27,ATM Withdrawal,92606.55,75,Urban,4,0
3243,340,3700.35,In-store,58488.3,21,Rural,2,0
3247,74027,2009.67,Online,3354.58,58,Rural,3,0
3252,30654,48.09,ATM Withdrawal,14527.95,46,Urban,1,0
3256,37772,2271.62,Online,39955.93,29,Rural,4,0
3262,39420,1330.84,ATM Withdrawal,79457.2,68,Rural,2,0
3267,74965,392.56,ATM Withdrawal,17847.83,31,Rural,3,0
3268,46840,3441.41,ATM Withdrawal,53254.85,26,Urban,0,0
3273,18951,4147.31,ATM Withdrawal,2172.81,59,Rural,1,0
3279,1140,2276.17,In-store,35052.32,63,Suburban,2,0
3282,1708,2301.13,ATM Withdrawal,44595.57,42,Rural,2,0
3284,19595,1419.44,ATM Withdrawal,61953.05,29,Rural,2,0
3285,76021,2183.47,ATM Withdrawal,16454.59,71,Urban,4,0
3288,55690,1689.75,ATM Withdrawal,91214.78,62,Rural,0,0
3294,67496,98.21,ATM Withdrawal,39242.76,57,Suburban,2,0
3295,66093,4864.84,In-store,36602.91,28,Rural,3,0
3302,56115,45.98,In-store,69376.81,58,Urban,0,0
3303,78405,1289.8,Online,82949.81,34,Rural,2,0
3305,78518,2300.86,In-store,32643.41,78,Urban,4,0
3315,68344,2262.12,ATM Withdrawal,23203.3,41,Suburban,4,0
3325,28398,4980.82,ATM Withdrawal,97096.93,47,Suburban,2,0
3326,51971,956.86,ATM Withdrawal,36683.06,54,Suburban,4,0
3328,53410,2430.73,ATM Withdrawal,91001.98,68,Suburban,1,0
3331,82035,4847.24,In-store,7713.75,24,Urban,4,0
3343,50876,3864.63,Online,19155.97,57,Suburban,2,0
3344,51919,2459.85,In-store,816.73,41,Urban,0,0
3346,36188,2920.05,Online,33111.69,48,Suburban,4,0
3349,19337,349.93,Online,54078.65,60,Rural,0,0
3355,17611,2636.21,Online,19457.5,72,Urban,2,0
3357,52887,26.39,Online,62132.51,64,Suburban,4,0
3368,11590,3130.86,ATM Withdrawal,78700.53,33,Rural,4,0
3369,10886,4456.11,ATM Withdrawal,86716.46,35,Suburban,2,0
3370,12866,2528.78,Online,10601.4,35,Urban,0,0
3374,9764,1197.06,ATM Withdrawal,69092.46,49,Urban,3,0
3375,86156,1403.36,Online,52850.58,24,Rural,2,0
3377,78471,2922.01,In-store,81483.98,40,Urban,0,0
3386,77064,2193.1,Online,39285.59,67,Rural,1,0
3390,8605,3781.41,In-store,93029.51,74,Suburban,1,0
3392,66634,4524.9,In-store,45689.19,75,Rural,2,0
3395,41869,4038.89,ATM Withdrawal,15253.12,43,Suburban,1,0
3398,10207,4809.48,In-store,99180.63,58,Suburban,4,0
3418,58394,1315.92,Online,79840.39,32,Suburban,0,0
3420,28454,2328.06,In-store,30586.43,78,Urban,3,0
3421,67904,1326.18,In-store,49528.21,18,Rural,0,0
3422,15592,3671.82,ATM Withdrawal,18733.53,42,Rural,0,0
3433,80905,4512.77,ATM Withdrawal,66005.76,75,Rural,2,0
3437,12145,3908.4,ATM Withdrawal,5056.31,39,Rural,4,0
3441,8244,57.65,ATM Withdrawal,39909.4,54,Urban,4,0
3445,56378,2704.25,Online,50431.56,44,Urban,3,0
3446,71126,4839.88,ATM Withdrawal,45630.19,75,Urban,0,0
3447,56071,1276.66,In-store,7666.39,30,Suburban,3,0
3449,74763,2732.41,ATM Withdrawal,60919.33,25,Suburban,3,0
3450,12237,2847.81,Online,6639.89,63,Suburban,4,0
3458,79563,714.98,ATM Withdrawal,65705.67,26,Urban,1,0
3462,31897,4840.59,ATM Withdrawal,8546.12,30,Suburban,2,0
3466,26917,3477.36,Online,13139.09,50,Rural,1,0
3473,35205,2201.67,In-store,99736.88,54,Suburban,0,0
3475,55103,4647.11,ATM Withdrawal,53857.7,73,Rural,1,0
3477,41627,1975.33,In-store,46265.28,33,Suburban,2,0
3487,48695,3724.58,ATM Withdrawal,62518.21,35,Urban,1,0
3491,44760,2228.75,Online,11359.9,19,Suburban,1,0
3496,15372,149.65,Online,63379.69,53,Rural,1,0
3499,54040,2158.49,ATM Withdrawal,89945.78,45,Suburban,2,0
3503,16211,253.23,Online,41633.33,68,Suburban,3,0
3507,45968,4124.36,In-store,64049.13,53,Rural,4,0
3508,17508,4283.21,ATM Withdrawal,27249.69,60,Suburban,0,0
3511,80742,2774.57,ATM Withdrawal,76898.82,40,Urban,3,0
3513,25599,4809.36,Online,20003.75,27,Rural,0,0
3515,67055,322.2,Online,4299.44,25,Suburban,1,0
3518,74619,4479.07,ATM Withdrawal,36134.25,46,Rural,1,0
3523,27364,3152.46,In-store,44792.11,50,Urban,1,0
3531,34773,2012.57,ATM Withdrawal,40346.29,54,Urban,1,0
3532,51168,758.14,Online,65112.26,76,Suburban,2,0
3534,76396,3853.69,ATM Withdrawal,37507.54,28,Rural,0,0
3547,62261,4067.22,ATM Withdrawal,29008.87,38,Urban,1,0
3557,55860,4963.86,In-store,54908.45,44,Urban,3,0
3562,28172,714.13,In-store,93877.21,25,Urban,1,0
3573,36021,3229.15,ATM Withdrawal,59628.78,72,Urban,0,0
3578,1401,3394.26,Online,93126.55,21,Suburban,4,0
3580,15193,3583.88,In-store,70732.69,62,Urban,2,0
3582,20307,1171.76,Online,88087.31,64,Rural,3,0
3583,19611,1348.9,ATM Withdrawal,53819.48,51,Urban,4,0
3585,11950,1951.04,ATM Withdrawal,27167.65,30,Rural,2,0
3597,20447,1315.87,ATM Withdrawal,75093.85,46,Rural,3,0
3598,30431,818.88,Online,94923.47,54,Suburban,2,0
3601,40992,3417.49,In-store,54046.16,46,Rural,1,0
3603,69561,2509.7,ATM Withdrawal,67922.6,22,Suburban,2,0
3628,52428,2566.34,Online,45448.61,54,Urban,2,0
3637,78257,3439.86,ATM Withdrawal,56271.93,63,Rural,3,0
3638,61215,4319.91,In-store,94271.71,41,Suburban,0,0
3644,7659,940.89,ATM Withdrawal,72179.26,65,Urban,3,0
3645,60614,3266.03,Online,32549.8,35,Urban,4,0
3646,77240,743.27,Online,78930.11,76,Suburban,1,0
3673,84703,4463.16,ATM Withdrawal,89937.95,48,Urban,2,0
3676,64805,2486.71,ATM Withdrawal,38258.87,40,Suburban,0,0
3678,84565,1454.32,In-store,27804.56,21,Urban,3,0
3688,66652,4342.51,ATM Withdrawal,18269.88,54,Urban,3,0
3697,13979,3494.47,ATM Withdrawal,48375.45,66,Rural,2,0
3702,31279,476.37,In-store,60463.67,31,Rural,0,0
3710,38870,4789.19,In-store,49453.35,47,Urban,0,0
3714,25372,3467.22,In-store,13962.12,78,Rural,1,0
3720,68431,4335.53,Online,39286.99,20,Urban,3,0
3724,8711,4857.61,In-store,18313.1,45,Suburban,4,0
3731,63069,2807.83,ATM Withdrawal,45894.07,65,Rural,0,0
3736,55388,3848.44,In-store,68279.39,47,Urban,4,0
3737,27691,2442.06,In-store,35404.5,60,Urban,2,0
3738,77960,1689.26,In-store,62904.13,34,Rural,0,0
3744,81051,3289.29,ATM Withdrawal,34924.26,56,Urban,3,0
3745,36777,4795.6,In-store,49402.35,56,Suburban,3,0
3747,24532,3947.11,ATM Withdrawal,13387.1,19,Rural,0,0
3749,63227,1370.93,Online,34358.67,32,Rural,0,0
3757,81050,2462.3,ATM Withdrawal,53064.46,27,Urban,0,0
3763,23816,4374.61,In-store,49063.87,63,Suburban,1,0
3764,40695,3859.14,ATM Withdrawal,14368.55,68,Rural,4,0
3767,55841,4806.71,Online,24777.48,68,Suburban,4,0
3770,53574,4709.14,In-store,46231.15,67,Suburban,1,0
3773,9171,2863.84,ATM Withdrawal,58490.71,78,Urban,2,0
3776,20313,2653.95,In-store,44486.7,78,Rural,3,0
3778,53521,3378.54,In-store,61954.09,67,Urban,1,0
3792,12602,471.21,ATM Withdrawal,14415.5,38,Urban,4,0
3798,64503,1119.67,ATM Withdrawal,70458.71,61,Urban,3,0
3799,34540,4662.75,ATM Withdrawal,74247.96,36,Rural,0,0
3813,42998,4720.04,ATM Withdrawal,20486.48,39,Suburban,4,0
3819,2179,1872.16,ATM Withdrawal,91849.51,55,Suburban,2,0
3824,47857,3932.84,In-store,44359.7,44,Urban,2,0
3841,15523,4808.19,In-store,24100.53,73,Suburban,2,0
3844,19991,462.25,Online,56759.64,36,Rural,0,0
3848,61250,1865.01,In-store,52226.7,46,Rural,3,0
3851,6614,564.25,In-store,51268.23,67,Urban,3,0
3852,7415,2884.84,In-store,82292.13,54,Urban,2,0
3855,37726,4431.96,Online,63153.4,21,Suburban,2,0
3864,61240,232.26,Online,21538.74,25,Suburban,2,0
3875,20466,2846.84,Online,23645.3,65,Rural,4,0
3877,60142,4039.88,In-store,62246.24,42,Suburban,0,0
3878,85160,950.07,ATM Withdrawal,3839.45,62,Urban,1,0
3885,13156,1495.76,Online,66004.32,50,Rural,3,0
3891,7214,2076.4,ATM Withdrawal,6846.07,50,Urban,3,0
3901,10014,1335.23,In-store,56245.26,65,Rural,0,0
3914,78958,708.46,ATM Withdrawal,72528.18,28,Suburban,4,0
3924,10728,168.7,In-store,55978.98,79,Suburban,2,0
3926,85774,3474.44,Online,93490.0,56,Rural,0,0
3944,35060,887.87,In-store,28964.89,29,Suburban,1,0
3953,12112,899.05,ATM Withdrawal,32794.79,30,Urban,4,0
3954,75225,4798.01,Online,70203.43,49,Rural,3,0
3963,24618,3371.31,In-store,16924.57,63,Urban,1,0
3970,37564,69.65,In-store,56092.76,51,Urban,1,0
3975,85842,4446.7,Online,37964.32,34,Rural,0,0
3982,389,73.66,Online,90620.15,27,Rural,1,0
3988,4986,2639.64,ATM Withdrawal,20797.43,27,Rural,0,0
3992,69267,1694.41,Online,97397.63,30,Suburban,2,0
3994,27798,4289.73,Online,11248.54,51,Rural,2,0
4001,11889,2187.3,Online,34798.64,21,Rural,3,0
4008,16199,1998.59,ATM Withdrawal,53598.23,44,Urban,4,0
4015,19552,3018.3,In-store,39409.92,32,Suburban,2,0
4019,887,4279.26,Online,55441.81,49,Urban,0,1
4022,81938,1347.53,ATM Withdrawal,16223.45,23,Urban,4,0
4028,46163,4953.57,Online,80164.18,58,Urban,2,0
4030,81486,2532.78,In-store,30085.97,65,Suburban,4,0
4034,55633,3075.84,Online,58227.85,35,Urban,4,0
4043,25917,4766.23,Online,88387.62,42,Rural,1,0
4046,14256,2784.1,ATM Withdrawal,12403.23,54,Urban,3,0
4058,60710,1038.14,ATM Withdrawal,34929.58,75,Urban,4,0
4062,81882,2056.33,ATM Withdrawal,12210.56,23,Rural,0,0
4068,30109,1143.13,ATM Withdrawal,39978.16,64,Suburban,3,0
4071,34510,4564.02,Online,24548.97,54,Suburban,3,0
4080,29084,3307.58,In-store,61783.91,75,Urban,1,0
4091,1813,1489.47,Online,60872.19,70,Urban,3,0
4098,78854,78.22,Online,87907.0,56,Suburban,4,0
4103,76872,3733.61,Online,78494.77,78,Suburban,4,0
4107,24351,2471.29,Online,85308.01,32,Rural,0,0
4108,30981,3659.63,Online,31814.93,26,Rural,0,0
4116,7674,3539.21,Online,32532.27,69,Suburban,0,0
4118,60686,4482.62,Online,74908.65,78,Urban,1,0
4124,44816,3908.65,ATM Withdrawal,41420.32,42,Rural,1,0
4125,4138,3795.22,In-store,37393.17,37,Urban,3,1
4132,1134,4028.57,ATM Withdrawal,93229.55,54,Urban,0,0
4133,62943,3346.25,ATM Withdrawal,27236.52,65,Rural,0,0
4135,60128,2161.63,Online,8364.91,60,Suburban,2,0
4137,5039,3045.54,In-store,88408.52,45,Rural,0,0
4139,10442,2234.4,ATM Withdrawal,61663.66,64,Rural,2,0
4143,50489,2181.79,ATM Withdrawal,58679.76,63,Suburban,2,0
4144,83104,4859.78,In-store,63335.56,33,Rural,0,0
4147,12625,1571.23,Online,79553.0,54,Rural,3,0
4150,66897,3143.09,In-store,81726.33,66,Urban,2,0
4157,14924,2226.09,ATM Withdrawal,66336.04,23,Rural,2,0
4159,869,1757.54,ATM Withdrawal,31401.12,24,Urban,1,0
4161,10103,4444.32,ATM Withdrawal,38854.26,49,Suburban,2,0
4165,23248,1048.46,In-store,22347.13,74,Urban,2,0
4168,24170,4844.11,ATM Withdrawal,44126.57,61,Rural,0,0
4171,85947,3317.85,Online,84614.29,44,Suburban,4,0
4172,43803,1729.31,In-store,31369.62,47,Rural,4,0
4176,85178,3923.83,ATM Withdrawal,4205.82,58,Suburban,4,0
4179,63610,4399.77,Online,95069.5,19,Rural,3,0
4186,47195,4489.59,Online,44736.87,30,Suburban,0,0
4187,73233,643.45,ATM Withdrawal,86423.18,72,Suburban,4,0
4189,81982,3441.97,In-store,2388.71,28,Suburban,2,0
4192,7352,1170.79,ATM Withdrawal,92624.79,74,Rural,0,0
4200,68814,92.84,Online,1248.65,51,Suburban,2,0
4203,35842,3077.84,In-store,31544.17,58,Suburban,1,0
4207,67173,2414.57,ATM Withdrawal,17823.5,24,Rural,2,0
4209,13652,4195.02,ATM Withdrawal,41814.51,35,Suburban,1,0
4219,63059,1298.49,ATM Withdrawal,79351.65,76,Rural,0,0
4250,32854,3883.01,ATM Withdrawal,13763.8,62,Urban,4,0
4262,54316,264.73,Online,33875.14,24,Urban,3,0
4269,70293,1357.67,ATM Withdrawal,15252.15,75,Suburban,4,0
4277,43939,3869.23,Online,76507.26,25,Rural,0,0
4283,47221,614.02,Online,7894.07,32,Rural,3,0
4286,54935,4690.33,Online,6489.39,73,Rural,1,0
4298,56053,2776.24,In-store,22079.0,38,Suburban,1,0
4299,1920,3652.35,ATM Withdrawal,31092.66,40,Suburban,4,0
4301,69724,4655.2,Online,50040.8,67,Suburban,1,0
4313,61510,1863.65,Online,71881.48,72,Rural,0,0
4331,30075,3133.67,ATM Withdrawal,8365.59,45,Urban,2,0
4333,42056,628.08,ATM Withdrawal,16953.23,77,Suburban,3,0
4339,76274,1564.49,Online,92655.46,25,Suburban,1,1
4342,72309,3969.67,In-store,30168.55,67,Urban,0,0
4345,4434,4924.77,ATM Withdrawal,73802.77,70,Suburban,2,0
4346,49810,145.15,In-store,15087.42,66,Rural,3,0
4352,34872,2601.39,In-store,31139.35,32,Suburban,2,0
4356,51759,3953.22,In-store,67344.02,35,Urban,1,0
4361,2763,2021.34,Online,80102.57,59,Rural,0,0
4364,76067,2014.48,In-store,90563.61,67,Rural,1,0
4365,25307,182.0,In-store,54527.11,34,Urban,0,0
4367,76848,3543.7,Online,57278.22,53,Rural,4,0
4368,37548,573.08,Online,7056.67,65,Rural,4,0
4371,6476,1830.23,Online,21512.55,25,Rural,4,0
4373,2382,3361.33,In-store,45998.21,24,Urban,3,0
4380,22335,631.85,ATM Withdrawal,3826.32,48,Urban,4,0
4381,45095,3389.8,ATM Withdrawal,32126.67,29,Urban,3,0
4384,22010,2457.54,In-store,96202.06,29,Rural,3,0
4390,33665,541.74,Online,9889.67,75,Urban,1,0
4395,14683,1202.32,Online,1847.81,66,Suburban,2,0
4399,44535,990.96,Online,39555.38,34,Rural,4,0
4414,63972,3476.29,ATM Withdrawal,72595.25,76,Suburban,3,0
4418,35710,3788.92,Online,51169.55,51,Suburban,1,0
4427,66025,3855.42,ATM Withdrawal,4289.61,45,Suburban,4,0
4430,56233,2338.48,Online,73293.93,22,Urban,3,0
4433,39178,4904.95,In-store,22214.72,69,Rural,3,0
4434,32821,4632.81,ATM Withdrawal,15565.64,31,Urban,3,0
4449,21839,4877.28,In-store,64006.24,50,Urban,4,0
4453,60593,1567.07,ATM Withdrawal,52247.94,60,Suburban,3,0
4465,22588,3652.34,Online,63127.95,33,Suburban,4,0
4466,78976,2266.86,Online,21204.35,77,Rural,1,0
4470,44948,203.94,Online,46883.72,51,Suburban,1,0
4475,52198,1021.99,ATM Withdrawal,21462.14,73,Suburban,2,0
4482,20324,1051.67,In-store,15116.12,45,Urban,3,0
4486,15899,174.66,Online,64843.9,23,Suburban,0,0
4487,29063,1600.08,In-store,86320.49,72,Rural,4,0
4489,66629,3024.4,In-store,45075.64,18,Rural,0,0
4492,25183,314.55,ATM Withdrawal,2294.86,27,Rural,1,0
4493,81570,4077.62,Online,95381.56,54,Suburban,4,0
4494,71246,2474.28,ATM Withdrawal,41647.43,61,Suburban,3,0
4496,35959,4428.62,Online,14350.08,50,Suburban,4,0
4497,33457,3246.49,ATM Withdrawal,81254.27,26,Rural,0,1
4499,2103,169.21,ATM Withdrawal,71576.17,30,Suburban,1,0
4500,65901,706.41,ATM Withdrawal,90330.51,45,Rural,2,0
4509,38437,4516.6,ATM Withdrawal,89165.85,56,Urban,2,0
4515,74842,467.4,Online,17113.44,18,Rural,0,0
4517,50626,4182.08,Online,45289.88,38,Rural,2,0
4518,37228,4151.13,ATM Withdrawal,51786.46,30,Suburban,3,0
4522,60815,102.38,ATM Withdrawal,61980.21,26,Suburban,3,0
4532,62767,3082.69,In-store,78543.07,22,Suburban,4,0
4536,33687,4728.98,In-store,95667.77,51,Suburban,0,0
4537,52656,4649.36,ATM Withdrawal,75291.91,56,Urban,0,0
4544,46287,1706.13,Online,39556.55,42,Rural,3,0
4549,8210,3521.59,ATM Withdrawal,65377.93,49,Rural,0,0
4552,33340,555.86,ATM Withdrawal,23562.38,49,Suburban,3,0
4556,11094,2831.91,In-store,5913.96,22,Urban,4,0
4559,72374,850.78,ATM Withdrawal,29103.03,45,Rural,1,0
4565,14211,134.36,Online,72327.7,75,Urban,1,0
4566,5232,63.12,In-store,37446.62,65,Suburban,1,0
4568,52691,226.4,In-store,50279.96,25,Suburban,1,0
4570,25613,4360.05,Online,73028.1,38,Suburban,3,0
4572,53535,2182.07,Online,64914.43,41,Urban,2,0
4580,36182,2352.9,Online,35721.89,20,Rural,2,0
4584,29877,1809.49,In-store,18411.01,49,Rural,0,0
4587,75602,3519.86,Online,79971.3,29,Suburban,1,0
4592,16999,315.22,Online,32093.15,18,Suburban,4,0
4593,61845,2380.82,Online,46128.74,35,Suburban,1,0
4599,4529,1387.46,Online,42978.78,58,Rural,4,0
4601,12192,803.86,ATM Withdrawal,19814.41,57,Urban,3,0
4613,25380,3833.76,Online,48986.38,53,Urban,4,0
4619,76949,1789.71,Online,47854.03,78,Urban,4,0
4635,3327,3862.28,ATM Withdrawal,13109.24,64,Urban,4,0
4637,64418,4776.26,In-store,41330.4,66,Rural,2,0
4640,46830,830.77,In-store,36443.83,44,Suburban,4,0
4643,56583,2366.39,Online,36396.02,49,Rural,2,0
4656,34314,2486.51,Online,28797.86,54,Urban,2,0
4659,35179,1669.74,Online,50717.05,69,Rural,2,1
4660,25338,3638.8,Online,58507.54,29,Urban,2,0
4666,19539,1301.05,ATM Withdrawal,34288.42,28,Rural,4,0
4669,26616,4924.8,ATM Withdrawal,94507.69,62,Suburban,0,0
4672,37099,1393.05,ATM Withdrawal,75727.5,72,Urban,3,0
4683,16351,3428.33,ATM Withdrawal,95017.33,78,Suburban,4,0
4703,47295,2450.53,In-store,37711.37,43,Rural,2,0
4707,19583,178.88,ATM Withdrawal,88487.22,42,Urban,3,0
4724,33455,3044.01,Online,88653.0,67,Suburban,0,0
4726,54219,3325.94,Online,71729.8,23,Suburban,0,0
4728,73616,3935.06,In-store,55775.47,37,Urban,1,0
4729,9486,582.63,In-store,7109.18,63,Urban,0,0
4732,43856,4614.73,Online,80735.66,49,Suburban,2,0
4736,28378,242.93,In-store,15708.39,29,Suburban,1,0
4737,54353,743.44,In-store,38956.95,27,Rural,2,0
4738,49996,2070.42,Online,66881.69,41,Rural,3,0
4739,14031,2417.48,Online,93846.76,41,Urban,4,0
4743,17618,2446.18,Online,75685.31,63,Suburban,3,0
4745,62790,3307.14,ATM Withdrawal,28431.94,25,Rural,1,0
4780,63909,1441.73,Online,79488.49,61,Suburban,4,0
4781,72391,1285.7,ATM Withdrawal,88970.11,62,Urban,4,0
4785,25805,3419.53,ATM Withdrawal,68853.98,65,Suburban,4,0
4788,49850,396.85,ATM Withdrawal,16935.28,18,Suburban,1,0
4796,29437,1404.27,Online,19533.54,20,Urban,2,0
4799,19942,1644.68,ATM Withdrawal,14001.57,46,Suburban,1,0
4807,41235,4023.4,In-store,60107.72,34,Urban,3,0
4808,18931,690.34,ATM Withdrawal,96287.38,22,Suburban,4,0
4819,77485,332.38,ATM Withdrawal,49785.4,73,Rural,2,0
4821,77273,2014.16,ATM Withdrawal,58448.78,73,Rural,3,0
4824,54028,3764.29,Online,31036.05,20,Urban,2,0
4829,76533,398.52,ATM Withdrawal,97044.71,73,Rural,2,0
4837,33885,1973.03,ATM Withdrawal,34729.71,24,Urban,4,0
4844,72307,2912.2,Online,81111.99,29,Rural,4,0
4845,82062,4930.35,ATM Withdrawal,33164.77,70,Suburban,0,0
4851,67384,2153.04,In-store,10478.75,79,Urban,0,0
4853,35464,1201.18,ATM Withdrawal,8928.99,50,Rural,1,0
4854,34485,4473.09,In-store,84579.75,44,Suburban,2,0
4858,46922,2778.97,ATM Withdrawal,21346.54,31,Urban,0,0
4860,69327,2524.87,ATM Withdrawal,53829.05,41,Suburban,3,0
4865,78840,2733.58,In-store,66416.26,36,Suburban,4,0
4870,29963,2943.34,In-store,42606.59,69,Suburban,2,0
4876,22800,561.38,In-store,36304.98,28,Urban,4,0
4880,28054,1974.61,In-store,65734.39,32,Rural,2,0
4883,13233,4868.93,In-store,33326.35,24,Rural,4,0
4888,86242,66.37,ATM Withdrawal,18060.4,40,Rural,2,1
4892,23666,318.98,ATM Withdrawal,83281.89,27,Rural,0,0
4897,57616,852.67,Online,71789.98,29,Urban,1,0
4904,76918,4936.09,In-store,69573.51,49,Urban,0,0
4912,68895,2619.27,Online,55480.73,79,Rural,1,0
4913,35944,123.38,In-store,49144.08,39,Rural,4,0
4928,4567,4529.96,Online,25492.49,70,Rural,3,0
4935,82103,4164.83,Online,35339.23,18,Rural,2,0
4939,66809,159.07,In-store,43783.95,50,Urban,4,0
4947,8002,4161.12,Online,52584.59,35,Urban,4,0
4948,69783,3117.33,In-store,82188.85,39,Rural,3,0
4950,10703,1069.49,In-store,95620.95,77,Suburban,0,0
4951,49422,3286.94,ATM Withdrawal,42473.55,76,Suburban,1,0
4954,12392,4032.21,ATM Withdrawal,80141.3,57,Urban,1,0
4956,32299,4887.15,Online,64546.06,53,Urban,4,0
4961,78257,2131.15,In-store,13776.45,71,Urban,3,0
4972,71088,3539.7,ATM Withdrawal,36130.9,41,Urban,2,1
4981,65785,2088.78,In-store,22358.4,24,Rural,4,0
4986,31508,1245.4,Online,32281.0,35,Urban,0,0
4987,74711,2952.31,ATM Withdrawal,33140.84,74,Urban,1,0
4993,41430,4232.33,Online,20810.54,31,Suburban,4,0
4995,25105,186.22,In-store,69757.71,22,Suburban,4,0
